RIS Elements,Network Sumrate
0,1.7869731991621474
50,2.1932640691598344
100,2.636444512669052
150,2.896444512669052
200,3.020074443215862
250,3.420074443215862
300,3.620074443215862
